{"aAcc": 92.45, "mIoU": 67.02, "mAcc": 91.97, "mDice": 78.8, "data_time": 0.00970442295074463, "time": 1.176662015914917}