{"aAcc": 95.47, "mIoU": 74.81, "mAcc": 89.28, "mDice": 84.73, "data_time": 0.011888662974039713, "time": 1.2382359663645426}