{"lr": 0.01, "data_time": 0.007809925079345703, "grad_norm": 0.15331949293613434, "loss": 0.3463397532701492, "decode.loss_dice": 0.2524485602974892, "decode.acc_seg": 82.5499038696289, "aux.loss_dice": 0.09389119446277619, "aux.acc_seg": 82.5499038696289, "time": 3.453873872756958, "iter": 20, "memory": 14650, "step": 20}
{"aAcc": 0.0, "mIoU": 0.0, "mAcc": 0.0, "mDice": 0.0, "data_time": 0.01885952949523926, "time": 1.0270341396331788, "step": 1}
{"lr": 0.009909954376205982, "data_time": 0.008123779296875, "grad_norm": 0.07457370925694704, "loss": 0.3169355928897858, "decode.loss_dice": 0.23202853575348853, "decode.acc_seg": 83.36865234375, "aux.loss_dice": 0.08490705657750368, "aux.acc_seg": 83.36865234375, "time": 3.46643967628479, "iter": 45, "memory": 11635, "step": 45}
{"aAcc": 0.0, "mIoU": 0.0, "mAcc": 0.0, "mDice": 0.0, "data_time": 0.011796370148658752, "time": 1.0180219560861588, "step": 2}
{"lr": 0.009819816820551159, "data_time": 0.007697868347167969, "grad_norm": 0.08063394092023372, "loss": 0.33450280129909515, "decode.loss_dice": 0.24694098234176637, "decode.acc_seg": 86.76432800292969, "aux.loss_dice": 0.0875618189573288, "aux.acc_seg": 86.76432800292969, "time": 3.4742961883544923, "iter": 70, "memory": 11636, "step": 70}
{"aAcc": 0.0, "mIoU": 0.0, "mAcc": 0.0, "mDice": 0.0, "data_time": 0.010192900896072388, "time": 1.020561695098877, "step": 3}
{"lr": 0.009729586289934918, "data_time": 0.007379746437072754, "grad_norm": 0.07382076568901538, "loss": 0.29169151932001114, "decode.loss_dice": 0.2152196854352951, "decode.acc_seg": 81.1096420288086, "aux.loss_dice": 0.07647183053195476, "aux.acc_seg": 81.1096420288086, "time": 3.473878574371338, "iter": 95, "memory": 11635, "step": 95}
