{"lr": 0.0002, "data_time": 0.009014081954956055, "grad_norm": 3.472839856147766, "loss": 0.5948207974433899, "decode.loss_ce": 0.09721456654369831, "decode.loss_dice": 0.20378144979476928, "decode.acc_seg": 92.42386627197266, "aux.loss_ce": 0.09117178991436958, "aux.loss_dice": 0.20265298932790757, "aux.acc_seg": 86.23790740966797, "time": 3.4695125102996824, "iter": 20, "memory": 14651, "step": 20}
{"aAcc": 93.8, "mIoU": 70.99, "mAcc": 91.37, "mDice": 82.06, "data_time": 0.021321948369344076, "time": 1.0213483015696208, "step": 1}
{"lr": 0.00018774090450548612, "data_time": 0.009502887725830078, "grad_norm": 4.466759300231933, "loss": 0.5679655104875565, "decode.loss_ce": 0.13222960382699966, "decode.loss_dice": 0.17876470237970352, "decode.acc_seg": 93.82701110839844, "aux.loss_ce": 0.0934294730424881, "aux.loss_dice": 0.16354172825813293, "aux.acc_seg": 89.3848876953125, "time": 3.475224757194519, "iter": 45, "memory": 11636, "step": 45}
{"aAcc": 94.93, "mIoU": 73.48, "mAcc": 88.32, "mDice": 83.87, "data_time": 0.01239866018295288, "time": 1.0130808055400848, "step": 2}
{"lr": 0.0001753870460032403, "data_time": 0.00910041332244873, "grad_norm": 5.130476880073547, "loss": 0.5457269340753556, "decode.loss_ce": 0.12285040281713008, "decode.loss_dice": 0.1819328173995018, "decode.acc_seg": 94.95811462402344, "aux.loss_ce": 0.09838912412524223, "aux.loss_dice": 0.14255459606647491, "aux.acc_seg": 87.38751220703125, "time": 3.4625917434692384, "iter": 70, "memory": 11636, "step": 70}
{"aAcc": 94.52, "mIoU": 72.59, "mAcc": 89.69, "mDice": 83.22, "data_time": 0.00977720320224762, "time": 1.0081986486911774, "step": 3}
{"lr": 0.00016292968200766808, "data_time": 0.008742904663085938, "grad_norm": 4.013124918937683, "loss": 0.5145709306001663, "decode.loss_ce": 0.11071259528398514, "decode.loss_dice": 0.17437457293272018, "decode.acc_seg": 94.57450103759766, "aux.loss_ce": 0.0950898364186287, "aux.loss_dice": 0.13439393192529678, "aux.acc_seg": 91.94293212890625, "time": 3.467954230308533, "iter": 95, "memory": 11637, "step": 95}
{"aAcc": 94.84, "mIoU": 72.98, "mAcc": 87.78, "mDice": 83.49, "data_time": 0.011013150215148926, "time": 1.0075089931488037, "step": 4}
{"lr": 0.00015035838706041593, "data_time": 0.008317375183105468, "grad_norm": 4.857059335708618, "loss": 0.5453315496444702, "decode.loss_ce": 0.12640591114759445, "decode.loss_dice": 0.18434471711516381, "decode.acc_seg": 92.4601058959961, "aux.loss_ce": 0.10072180330753326, "aux.loss_dice": 0.13385913372039795, "aux.acc_seg": 85.4360122680664, "time": 3.4734568119049074, "iter": 120, "memory": 11636, "step": 120}
{"aAcc": 94.87, "mIoU": 73.14, "mAcc": 87.78, "mDice": 83.61, "data_time": 0.010955601930618286, "time": 1.0109131634235382, "step": 5}
{"lr": 0.0001376605253579096, "data_time": 0.00936739444732666, "grad_norm": 5.462983083724976, "loss": 0.5454122096300125, "decode.loss_ce": 0.13485754057765006, "decode.loss_dice": 0.17950286716222763, "decode.acc_seg": 93.85557556152344, "aux.loss_ce": 0.10099745318293571, "aux.loss_dice": 0.13005435168743135, "aux.acc_seg": 84.65399932861328, "time": 3.471215271949768, "iter": 145, "memory": 11636, "step": 145}
{"aAcc": 94.86, "mIoU": 73.29, "mAcc": 88.02, "mDice": 83.75, "data_time": 0.011940643191337585, "time": 1.0120880901813507, "step": 6}
{"lr": 0.00012482047975101028, "data_time": 0.008924198150634766, "grad_norm": 4.1688179016113285, "loss": 0.5368283301591873, "decode.loss_ce": 0.118036437779665, "decode.loss_dice": 0.1870161697268486, "decode.acc_seg": 89.6321792602539, "aux.loss_ce": 0.10107308030128478, "aux.loss_dice": 0.13070264011621474, "aux.acc_seg": 78.60823059082031, "time": 3.472716188430786, "iter": 170, "memory": 11636, "step": 170}
{"aAcc": 94.78, "mIoU": 73.35, "mAcc": 89.34, "mDice": 83.79, "data_time": 0.011561870574951172, "time": 1.0102428793907166, "step": 7}
{"lr": 0.00011181847894094787, "data_time": 0.00827643871307373, "grad_norm": 5.429688310623169, "loss": 0.5429426521062851, "decode.loss_ce": 0.13475186377763748, "decode.loss_dice": 0.17651037126779556, "decode.acc_seg": 94.39739990234375, "aux.loss_ce": 0.10181191563606262, "aux.loss_dice": 0.1298685058951378, "aux.acc_seg": 86.05075073242188, "time": 3.475439739227295, "iter": 195, "memory": 11636, "step": 195}
{"aAcc": 95.12, "mIoU": 73.98, "mAcc": 87.82, "mDice": 84.22, "data_time": 0.0123368501663208, "time": 1.014027088880539, "step": 8}
{"lr": 9.862872347677104e-05, "data_time": 0.00952131748199463, "grad_norm": 5.162154054641723, "loss": 0.5949852377176285, "decode.loss_ce": 0.16281075961887836, "decode.loss_dice": 0.19677796959877014, "decode.acc_seg": 94.13581085205078, "aux.loss_ce": 0.10456325635313987, "aux.loss_dice": 0.13083325773477555, "aux.acc_seg": 85.19072723388672, "time": 3.4762173652648927, "iter": 220, "memory": 11636, "step": 220}
{"aAcc": 95.09, "mIoU": 74.04, "mAcc": 87.83, "mDice": 84.29, "data_time": 0.010540887713432312, "time": 1.0118691176176071, "step": 9}
{"lr": 8.521619724787562e-05, "data_time": 0.008198046684265136, "grad_norm": 4.314656805992127, "loss": 0.5029810994863511, "decode.loss_ce": 0.11312130987644195, "decode.loss_dice": 0.1676085665822029, "decode.acc_seg": 94.41695404052734, "aux.loss_ce": 0.09894087612628936, "aux.loss_dice": 0.1233103446662426, "aux.acc_seg": 90.29717254638672, "time": 3.4691314458847047, "iter": 245, "memory": 11636, "step": 245}
{"aAcc": 94.95, "mIoU": 73.8, "mAcc": 88.9, "mDice": 84.11, "data_time": 0.010317981243133545, "time": 1.0082504451274872, "step": 10}
{"lr": 7.153077157640932e-05, "data_time": 0.009317398071289062, "grad_norm": 5.215881133079529, "loss": 0.5681131184101105, "decode.loss_ce": 0.13832945600152016, "decode.loss_dice": 0.1915342003107071, "decode.acc_seg": 93.36738586425781, "aux.loss_ce": 0.10449701771140099, "aux.loss_dice": 0.13375243842601775, "aux.acc_seg": 84.40689849853516, "time": 3.4720818042755126, "iter": 270, "memory": 11636, "step": 270}
{"aAcc": 95.13, "mIoU": 74.26, "mAcc": 88.39, "mDice": 84.44, "data_time": 0.010798841714859009, "time": 1.0087416768074036, "step": 11}
{"lr": 5.749495692043528e-05, "data_time": 0.008778953552246093, "grad_norm": 3.827967667579651, "loss": 0.46499722003936766, "decode.loss_ce": 0.10604963563382626, "decode.loss_dice": 0.15467244908213615, "decode.acc_seg": 94.19131469726562, "aux.loss_ce": 0.09357690289616585, "aux.loss_dice": 0.11069822758436203, "aux.acc_seg": 93.27216339111328, "time": 3.4661641836166384, "iter": 295, "memory": 11636, "step": 295}
{"aAcc": 94.98, "mIoU": 74.03, "mAcc": 89.23, "mDice": 84.29, "data_time": 0.01283237338066101, "time": 1.0117430090904236, "step": 12}
{"lr": 4.2973524052488975e-05, "data_time": 0.009313321113586426, "grad_norm": 5.574403023719787, "loss": 0.5477024167776108, "decode.loss_ce": 0.13321406655013562, "decode.loss_dice": 0.18645010516047478, "decode.acc_seg": 92.45352935791016, "aux.loss_ce": 0.10189048945903778, "aux.loss_dice": 0.1261477455496788, "aux.acc_seg": 89.12362670898438, "time": 3.4721911668777468, "iter": 320, "memory": 11635, "step": 320}
{"aAcc": 94.83, "mIoU": 73.41, "mAcc": 89.38, "mDice": 83.81, "data_time": 0.012860894203186035, "time": 1.0106851160526276, "step": 13}
{"lr": 2.7670074022879925e-05, "data_time": 0.009401249885559081, "grad_norm": 6.904084849357605, "loss": 0.5257533192634583, "decode.loss_ce": 0.12962770313024521, "decode.loss_dice": 0.1802614226937294, "decode.acc_seg": 93.2943344116211, "aux.loss_ce": 0.09760521575808526, "aux.loss_dice": 0.11825896948575973, "aux.acc_seg": 93.21632385253906, "time": 3.465072226524353, "iter": 345, "memory": 11636, "step": 345}
{"aAcc": 95.01, "mIoU": 74.25, "mAcc": 89.59, "mDice": 84.44, "data_time": 0.010338544845581055, "time": 1.0085170567035675, "step": 14}
{"lr": 1e-05, "data_time": 0.008943843841552734, "grad_norm": 6.9856373310089115, "loss": 0.6122760474681854, "decode.loss_ce": 0.15964310951530933, "decode.loss_dice": 0.21623151004314423, "decode.acc_seg": 92.52963256835938,