{"aAcc": 95.47, "mIoU": 74.81, "mAcc": 89.28, "mDice": 84.73, "data_time": 0.015299765268961589, "time": 1.2511784791946412}