{"lr": 0.0001, "data_time": 0.007493662834167481, "grad_norm": 4.724699091911316, "loss": 2.2342180728912355, "decode.loss_ce": 1.1381349086761474, "decode.loss_dice": 0.4626146972179413, "decode.acc_seg": 72.54934692382812, "aux.loss_ce": 0.44152072072029114, "aux.loss_dice": 0.19194773435592652, "aux.acc_seg": 52.96482849121094, "time": 3.465845012664795, "iter": 20, "memory": 14651, "step": 20}
{"aAcc": 4.37, "mIoU": 2.89, "mAcc": 4.5, "mDice": 5.53, "data_time": 0.018348121643066408, "time": 1.0248170534769694, "step": 1}
{"lr": 0.0001, "data_time": 0.00796051025390625, "grad_norm": 4.852202463150024, "loss": 2.171824502944946, "decode.loss_ce": 1.1499307036399842, "decode.loss_dice": 0.3933414936065674, "decode.acc_seg": 91.65740203857422, "aux.loss_ce": 0.4437472462654114, "aux.loss_dice": 0.1848050981760025, "aux.acc_seg": 80.90576934814453, "time": 3.4667596578598023, "iter": 45, "memory": 11636, "step": 45}
{"aAcc": 1.48, "mIoU": 1.02, "mAcc": 1.55, "mDice": 2.01, "data_time": 0.01055973768234253, "time": 1.0195525139570236, "step": 2}
{"lr": 0.0001, "data_time": 0.007333445549011231, "grad_norm": 4.388183903694153, "loss": 2.1068058013916016, "decode.loss_ce": 1.1327443838119506, "decode.loss_dice": 0.35398113131523135, "decode.acc_seg": 84.36355590820312, "aux.loss_ce": 0.4444123893976212, "aux.loss_dice": 0.17566789239645003, "aux.acc_seg": 80.23881530761719, "time": 3.4682310581207276, "iter": 70, "memory": 11636, "step": 70}
{"aAcc": 1.72, "mIoU": 1.32, "mAcc": 2.0, "mDice": 2.57, "data_time": 0.009592503309249878, "time": 1.0234916806221008, "step": 3}
{"lr": 0.0001, "data_time": 0.00819554328918457, "grad_norm": 4.800607490539551, "loss": 2.072229337692261, "decode.loss_ce": 1.1196534872055053, "decode.loss_dice": 0.3373683661222458, "decode.acc_seg": 85.05721282958984, "aux.loss_ce": 0.44507129192352296, "aux.loss_dice": 0.1701362431049347, "aux.acc_seg": 83.25547790527344, "time": 3.461977219581604, "iter": 95, "memory": 11636, "step": 95}
{"aAcc": 4.0, "mIoU": 2.9, "mAcc": 4.39, "mDice": 5.52, "data_time": 0.009742885828018188, "time": 1.0187235474586487, "step": 4}
{"lr": 0.0001, "data_time": 0.007188081741333008, "grad_norm": 4.200395679473877, "loss": 2.0248322010040285, "decode.loss_ce": 1.0912657260894776, "decode.loss_dice": 0.3254871964454651, "decode.acc_seg": 89.99271392822266, "aux.loss_ce": 0.4450871080160141, "aux.loss_dice": 0.16299216449260712, "aux.acc_seg": 89.2313003540039, "time": 3.471478724479675, "iter": 120, "memory": 11636, "step": 120}
{"aAcc": 7.12, "mIoU": 4.96, "mAcc": 7.51, "mDice": 9.21, "data_time": 0.01054142415523529, "time": 1.021198183298111, "step": 5}
{"lr": 0.0001, "data_time": 0.007076668739318848, "grad_norm": 5.1938968896865845, "loss": 2.0746639013290404, "decode.loss_ce": 1.1338592529296876, "decode.loss_dice": 0.32249348759651186, "decode.acc_seg": 81.01687622070312, "aux.loss_ce": 0.45682510137557986, "aux.loss_dice": 0.16148604601621627, "aux.acc_seg": 81.00576782226562, "time": 3.462481880187988, "iter": 145, "memory": 11637, "step": 145}
{"aAcc": 13.22, "mIoU": 9.34, "mAcc": 14.28, "mDice": 16.2, "data_time": 0.00971636176109314, "time": 1.0179899781942368, "step": 6}
{"lr": 0.0001, "data_time": 0.0071408748626708984, "grad_norm": 5.629435634613037, "loss": 2.025776743888855, "decode.loss_ce": 1.1021221101284027, "decode.loss_dice": 0.30872737169265746, "decode.acc_seg": 86.01970672607422, "aux.loss_ce": 0.4572746008634567, "aux.loss_dice": 0.15765268802642823, "aux.acc_seg": 85.40787506103516, "time": 3.4587650060653687, "iter": 170, "memory": 11636, "step": 170}
{"aAcc": 18.62, "mIoU": 12.99, "mAcc": 20.12, "mDice": 21.44, "data_time": 0.009427323937416077, "time": 1.0230169296264648, "step": 7}
{"lr": 0.0001, "data_time": 0.009150242805480957, "grad_norm": 5.350037288665772, "loss": 1.9871218085289002, "decode.loss_ce": 1.0794476747512818, "decode.loss_dice": 0.299312150478363, "decode.acc_seg": 89.63165283203125, "aux.loss_ce": 0.45497243106365204, "aux.loss_dice": 0.15338959097862243, "aux.acc_seg": 88.62199401855469, "time": 3.477181100845337, "iter": 195, "memory": 11636, "step": 195}
{"aAcc": 23.28, "mIoU": 16.17, "mAcc": 25.48, "mDice": 25.48, "data_time": 0.011037617921829224, "time": 1.0226833075284958, "step": 8}
{"lr": 0.0001, "data_time": 0.007894372940063477, "grad_norm": 5.227024984359741, "loss": 1.9428343176841736, "decode.loss_ce": 1.041309666633606, "decode.loss_dice": 0.2954916626214981, "decode.acc_seg": 85.8602066040039, "aux.loss_ce": 0.4540193468332291, "aux.loss_dice": 0.1520136773586273, "aux.acc_seg": 84.05718994140625, "time": 3.4648923873901367, "iter": 220, "memory": 11636, "step": 220}
{"aAcc": 32.46, "mIoU": 21.12, "mAcc": 32.54, "mDice": 32.07, "data_time": 0.010369345545768738, "time": 1.0178583264350891, "step": 9}
{"lr": 0.0001, "data_time": 0.008141922950744628, "grad_norm": 5.515857887268067, "loss": 1.873887538909912, "decode.loss_ce": 0.9984628915786743, "decode.loss_dice": 0.2809421420097351, "decode.acc_seg": 83.63652038574219, "aux.loss_ce": 0.44625313580036163, "aux.loss_dice": 0.1482293650507927, "aux.acc_seg": 81.84447479248047, "time": 3.4684314489364625, "iter": 245, "memory": 11636, "step": 245}
{"aAcc": 31.43, "mIoU": 21.03, "mAcc": 34.52, "mDice": 31.24, "data_time": 0.009478956460952759, "time": 1.019264817237854, "step": 10}
{"lr": 0.0001, "data_time": 0.007877779006958009, "grad_norm": 5.334315156936645, "loss": 1.840080440044403, "decode.loss_ce": 0.9794051647186279, "decode.loss_dice": 0.2674121081829071, "decode.acc_seg": 87.67127990722656, "aux.loss_ce": 0.4475034594535828, "aux.loss_dice": 0.1457596942782402, "aux.acc_seg": 86.49034118652344, "time": 3.4631346464157104, "iter": 270, "memory": 11636, "step": 270}
{"aAcc": 34.96, "mIoU": 22.85, "mAcc": 38.41, "mDice": 33.28, "data_time": 0.010638445615768433, "time": 1.018622413277626, "step": 11}
{"lr": 0.0001, "data_time": 0.008001399040222169, "grad_norm": 5.145797848701477, "loss": 1.8219546556472779, "decode.loss_ce": 0.974504005908966, "decode.loss_dice": 0.2560450494289398, "decode.acc_seg": 93.48511505126953, "aux.loss_ce": 0.447268408536911, "aux.loss_dice": 0.1441372126340866, "aux.acc_seg": 95.87025451660156, "time": 3.468097376823425, "iter": 295, "memory": 11636, "step": 295}
{"aAcc": 39.22, "mIoU": 25.48, "mAcc": 42.29, "mDice": 36.36, "data_time": 0.010120779275894165, "time": 1.0196339339017868, "step": 12}
{"lr": 0.0001, "data_time": 0.008398151397705078, "grad_norm": 5.3474503517150875, "loss": 1.779703938961029, "decode.loss_ce": 0.9372031807899475, "decode.loss_dice": 0.2537819862365723, "decode.acc_seg": 87.64314270019531, "aux.loss_ce": 0.44711174368858336, "aux.loss_dice": 0.14160701930522918, "aux.acc_seg": 85.2976303100586, "time": 3.468856358528137, "iter": 320, "memory": 11636, "step": 320}
{"aAcc": 49.33, "mIoU": 32.24, "mAcc": 50.87, "mDice": 43.35, "data_time": 0.010113775730133057, "time": 1.0209370255470276, "step": 13}
{"lr": 0.0001, "data_time": 0.007822251319885254, "grad_norm": 5.35395073890686, "loss": 1.8056952595710754, "decode.loss_ce": 0.9572399735450745, "decode.loss_dice": 0.2535527765750885, "decode.acc_seg": 90.53616333007812, "aux.loss_ce": 0.4526005357503891, "aux.loss_dice": 0.14230199456214904, "aux.acc_seg": 91.18690490722656, "time": 3.465431308746338, "iter": 345, "memory": 11636, "step": 345}
{"aAcc": 51.75, "mIoU": 33.09, "mAcc": 54.14, "mDice": 44.04, "data_time": 0.011096924543380737, "time": 1.0192173570394516, "step": 14}
{"lr": 0.0001, "data_time": 0.007934784889221192, "grad_norm": 6.318558931350708, "loss": 1.6623398900032043, "decode.loss_ce": 0.850527560710907, "decode.loss_dice": 0.23343587368726731, "decode.acc_seg": 90.59248352050781, "aux.loss_ce": 0.4397572934627533, "aux.loss_dice": 0.13861915320158005, "aux.acc_seg": 90.76056671142578, "time": 3.4660909175872803, "iter": 370, "memory": 11637, "step": 370}
{"aAcc": 53.06, "mIoU": 33.73, "mAcc": 55.87, "mDice": 44.55, "data_time": 0.009868711233139038,