{"lr": 0.0001, "data_time": 0.007493662834167481, "grad_norm": 4.724699091911316, "loss": 2.2342180728912355, "decode.loss_ce": 1.1381349086761474, "decode.loss_dice": 0.4626146972179413, "decode.acc_seg": 72.54934692382812, "aux.loss_ce": 0.44152072072029114, "aux.loss_dice": 0.19194773435592652, "aux.acc_seg": 52.96482849121094, "time": 3.465845012664795, "iter": 20, "memory": 14651, "step": 20}
{"aAcc": 4.37, "mIoU": 2.89, "mAcc": 4.5, "mDice": 5.53, "data_time": 0.018348121643066408, "time": 1.0248170534769694, "step": 1}
{"lr": 0.0001, "data_time": 0.00796051025390625, "grad_norm": 4.852202463150024, "loss": 2.171824502944946, "decode.loss_ce": 1.1499307036399842, "decode.loss_dice": 0.3933414936065674, "decode.acc_seg": 91.65740203857422, "aux.loss_ce": 0.4437472462654114, "aux.loss_dice": 0.1848050981760025, "aux.acc_seg": 80.90576934814453, "time": 3.4667596578598023, "iter": 45, "memory": 11636, "step": 45}
