{"aAcc": 92.45, "mIoU": 67.02, "mAcc": 91.97, "mDice": 78.8, "data_time": 0.00781509184068249, "time": 0.4846257317450739}