{"lr": 0.0001, "data_time": 0.007620310783386231, "grad_norm": 7.076561069488525, "loss": 1.1929533004760742, "decode.loss_ce": 0.5411407321691513, "decode.loss_dice": 0.11951295882463456, "decode.acc_seg": 90.7125473022461, "aux.loss_ce": 0.41391418874263763, "aux.loss_dice": 0.11838542819023132, "aux.acc_seg": 88.49992370605469, "time": 3.4417699337005616, "iter": 770, "memory": 12645, "step": 770}
{"aAcc": 88.8, "mIoU": 57.6, "mAcc": 88.4, "mDice": 61.8, "data_time": 0.018691182136535645, "time": 1.0218295603990555, "step": 31}
{"lr": 0.0001, "data_time": 0.008433675765991211, "grad_norm": 7.105675935745239, "loss": 1.0987866640090942, "decode.loss_ce": 0.4694435238838196, "decode.loss_dice": 0.11316813677549362, "decode.acc_seg": 91.08829498291016, "aux.loss_ce": 0.4014460206031799, "aux.loss_dice": 0.11472899466753006, "aux.acc_seg": 91.00337219238281, "time": 3.4577112674713133, "iter": 795, "memory": 11641, "step": 795}
{"aAcc": 86.72, "mIoU": 56.0, "mAcc": 87.04, "mDice": 60.87, "data_time": 0.010466471314430237, "time": 1.0162683725357056, "step": 32}
{"lr": 0.0001, "data_time": 0.007783579826354981, "grad_norm": 7.685483026504516, "loss": 1.157804584503174, "decode.loss_ce": 0.5181755363941193, "decode.loss_dice": 0.11723202764987946, "decode.acc_seg": 91.51339721679688, "aux.loss_ce": 0.40759326219558717, "aux.loss_dice": 0.11480374783277511, "aux.acc_seg": 86.74697875976562, "time": 3.4615375280380247, "iter": 820, "memory": 11641, "step": 820}
{"aAcc": 89.63, "mIoU": 58.2, "mAcc": 89.48, "mDice": 62.14, "data_time": 0.012007847428321838, "time": 1.018128514289856, "step": 33}
{"lr": 0.0001, "data_time": 0.007590198516845703, "grad_norm": 7.021597957611084, "loss": 1.0996547877788543, "decode.loss_ce": 0.47495905458927157, "decode.loss_dice": 0.11649292781949043, "decode.acc_seg": 88.65208435058594, "aux.loss_ce": 0.39406076073646545, "aux.loss_dice": 0.11414204761385918, "aux.acc_seg": 82.81216430664062, "time": 3.4581079483032227, "iter": 845, "memory": 11641, "step": 845}
{"aAcc": 89.24, "mIoU": 58.07, "mAcc": 89.26, "mDice": 62.07, "data_time": 0.011248186230659485, "time": 1.0155092179775238, "step": 34}
{"lr": 0.0001, "data_time": 0.007703471183776856, "grad_norm": 8.158065366744996, "loss": 1.1646213769912719, "decode.loss_ce": 0.5272635906934738, "decode.loss_dice": 0.127376276999712, "decode.acc_seg": 86.30013275146484, "aux.loss_ce": 0.3976538360118866, "aux.loss_dice": 0.11232767701148987, "aux.acc_seg": 90.67096710205078, "time": 3.458120846748352, "iter": 870, "memory": 11642, "step": 870}
{"aAcc": 90.3, "mIoU": 58.81, "mAcc": 90.09, "mDice": 62.49, "data_time": 0.009138435125350952, "time": 1.0105262249708176, "step": 35}
{"lr": 0.0001, "data_time": 0.007556438446044922, "grad_norm": 6.261868524551391, "loss": 1.044046688079834, "decode.loss_ce": 0.4273912489414215, "decode.loss_dice": 0.11409563198685646, "decode.acc_seg": 87.81590270996094, "aux.loss_ce": 0.3921039909124374, "aux.loss_dice": 0.11045580357313156, "aux.acc_seg": 88.03791809082031, "time": 3.458770179748535, "iter": 895, "memory": 11641, "step": 895}
{"aAcc": 91.59, "mIoU": 59.5, "mAcc": 91.28, "mDice": 62.87, "data_time": 0.01064746081829071, "time": 1.009789615869522, "step": 36}
{"lr": 0.0001, "data_time": 0.008866500854492188, "grad_norm": 7.195292520523071, "loss": 1.0515507638454438, "decode.loss_ce": 0.4379016399383545, "decode.loss_dice": 0.10472918301820755, "decode.acc_seg": 92.31138610839844, "aux.loss_ce": 0.39814351201057435, "aux.loss_dice": 0.11077644526958466, "aux.acc_seg": 87.7696533203125, "time": 3.45666081905365, "iter": 920, "memory": 11641, "step": 920}
{"aAcc": 90.22, "mIoU": 58.02, "mAcc": 90.83, "mDice": 62.04, "data_time": 0.01007293164730072, "time": 1.0124986320734024, "step": 37}
{"lr": 0.0001, "data_time": 0.008535027503967285, "grad_norm": 8.294130849838258, "loss": 1.0968320429325105, "decode.loss_ce": 0.4809034138917923, "decode.loss_dice": 0.10753382220864297, "decode.acc_seg": 90.42692565917969, "aux.loss_ce": 0.3991494715213776, "aux.loss_dice": 0.10924533978104592, "aux.acc_seg": 83.81710052490234, "time": 3.456839442253113, "iter": 945, "memory": 11641, "step": 945}
{"aAcc": 90.84, "mIoU": 59.29, "mAcc": 90.59, "mDice": 62.76, "data_time": 0.009454727172851562, "time": 1.0124534964561462, "step": 38}
{"lr": 0.0001, "data_time": 0.00791773796081543, "grad_norm": 8.855853509902953, "loss": 1.1666161000728608, "decode.loss_ce": 0.546953409910202, "decode.loss_dice": 0.12012586370110512, "decode.acc_seg": 85.06617736816406, "aux.loss_ce": 0.3922723919153214, "aux.loss_dice": 0.10726443529129029, "aux.acc_seg": 82.56564331054688, "time": 3.455126404762268, "iter": 970, "memory": 11641, "step": 970}
{"aAcc": 89.12, "mIoU": 57.99, "mAcc": 89.53, "mDice": 62.03, "data_time": 0.011818274855613708, "time": 1.0162674188613892, "step": 39}
{"lr": 0.0001, "data_time": 0.007758092880249023, "grad_norm": 7.797883367538452, "loss": 1.0497320532798766, "decode.loss_ce": 0.44253850877285006, "decode.loss_dice": 0.10595339760184289, "decode.acc_seg": 92.77958679199219, "aux.loss_ce": 0.3950060337781906, "aux.loss_dice": 0.1062341220676899, "aux.acc_seg": 90.80319213867188, "time": 3.4629393339157106, "iter": 995, "memory": 11641, "step": 995}
{"aAcc": 92.05, "mIoU": 60.24, "mAcc": 91.79, "mDice": 63.29, "data_time": 0.010689795017242432, "time": 1.0171115398406982, "step": 40}
{"lr": 0.0001, "data_time": 0.008499598503112793, "grad_norm": 7.666984128952026, "loss": 1.0725652873516083, "decode.loss_ce": 0.4649711221456528, "decode.loss_dice": 0.11357321962714195, "decode.acc_seg": 88.14148712158203, "aux.loss_ce": 0.38644659519195557, "aux.loss_dice": 0.1075743354856968, "aux.acc_seg": 93.58692169189453, "time": 3.463151979446411, "iter": 1020, "memory": 11641, "step": 1020}
{"aAcc": 92.32, "mIoU": 60.4, "mAcc": 92.14, "mDice": 63.38, "data_time": 0.010146230459213257, "time": 1.0182581096887589, "step": 41}
{"lr": 0.0001, "data_time": 0.008442330360412597, "grad_norm": 6.503989958763123, "loss": 1.0134257793426513, "decode.loss_ce": 0.4130478143692017, "decode.loss_dice": 0.10234564766287804, "decode.acc_seg": 90.87395477294922, "aux.loss_ce": 0.39289983808994294, "aux.loss_dice": 0.10513248518109322, "aux.acc_seg": 86.6904296875, "time": 3.4655507087707518, "iter": 1045, "memory": 11641, "step": 1045}
{"aAcc": 92.3, "mIoU": 60.28, "mAcc": 91.93, "mDice": 63.31, "data_time": 0.011125907301902771, "time": 1.013562723994255, "step": 42}
{"lr": 0.0001, "data_time": 0.007597422599792481, "grad_norm": 8.018452286720276, "loss": 0.994612580537796, "decode.loss_ce": 0.4162523165345192, "decode.loss_dice": 0.10574853643774987, "decode.acc_seg": 85.44845581054688, "aux.loss_ce": 0.3700679004192352, "aux.loss_dice": 0.10254382714629173, "aux.acc_seg": 86.50035858154297, "time": 3.4585127592086793, "iter": 1070, "memory": 11641, "step": 1070}
{"aAcc": 94.32, "mIoU": 61.72, "mAcc": 94.22, "mDice": 64.1, "data_time": 0.01086452603340149, "time": 1.0139776170253754, "step": 43}
{"lr": 0.0001, "data_time": 0.008263659477233887, "grad_norm": 6.400066709518432, "loss": 0.9297807395458222, "decode.loss_ce": 0.36294388622045515, "decode.loss_dice": 0.10468168258666992, "decode.acc_seg": 87.8530502319336, "aux.loss_ce": 0.3630214959383011, "aux.loss_dice": 0.09913368746638299, "aux.acc_seg": 82.637451171875, "time": 3.4571515560150146, "iter": 1095, "memory": 11641, "step": 1095}
{"aAcc": 91.77, "mIoU": 60.22, "mAcc": 91.82, "mDice": 63.28, "data_time": 0.01087622344493866, "time": 1.0161402523517609, "step": 44}
{"lr": 0.0001, "data_time": 0.007258200645446777, "grad_norm": 7.476273679733277, "loss": 0.9569728791713714, "decode.loss_ce": 0.3906886637210846, "decode.loss_dice": 0.09907221794128418, "decode.acc_seg": 89.8856201171875, "aux.loss_ce": 0.3704138368368149, "aux.loss_dice": 0.09679817259311677, "aux.acc_seg": 87.15987396240234, "time": 3.4610323905944824, "iter": 1120, "memory": 11641, "step": 1120}
{"aAcc": 93.58, "mIoU": 61.18, "mAcc": 93.4,